"time_steps","snowy-sweep-2 - _step","snowy-sweep-2 - _step__MIN","snowy-sweep-2 - _step__MAX","snowy-sweep-2 - expert_eval_collision_end_mean","snowy-sweep-2 - expert_eval_collision_end_mean__MIN","snowy-sweep-2 - expert_eval_collision_end_mean__MAX","sweet-sweep-9 - _step","sweet-sweep-9 - _step__MIN","sweet-sweep-9 - _step__MAX","sweet-sweep-9 - expert_eval_collision_end_mean","sweet-sweep-9 - expert_eval_collision_end_mean__MIN","sweet-sweep-9 - expert_eval_collision_end_mean__MAX","pleasant-sweep-8 - _step","pleasant-sweep-8 - _step__MIN","pleasant-sweep-8 - _step__MAX","pleasant-sweep-8 - expert_eval_collision_end_mean","pleasant-sweep-8 - expert_eval_collision_end_mean__MIN","pleasant-sweep-8 - expert_eval_collision_end_mean__MAX","apricot-sweep-7 - _step","apricot-sweep-7 - _step__MIN","apricot-sweep-7 - _step__MAX","apricot-sweep-7 - expert_eval_collision_end_mean","apricot-sweep-7 - expert_eval_collision_end_mean__MIN","apricot-sweep-7 - expert_eval_collision_end_mean__MAX","fanciful-sweep-6 - _step","fanciful-sweep-6 - _step__MIN","fanciful-sweep-6 - _step__MAX","fanciful-sweep-6 - expert_eval_collision_end_mean","fanciful-sweep-6 - expert_eval_collision_end_mean__MIN","fanciful-sweep-6 - expert_eval_collision_end_mean__MAX","polished-sweep-5 - _step","polished-sweep-5 - _step__MIN","polished-sweep-5 - _step__MAX","polished-sweep-5 - expert_eval_collision_end_mean","polished-sweep-5 - expert_eval_collision_end_mean__MIN","polished-sweep-5 - expert_eval_collision_end_mean__MAX","sunny-sweep-4 - _step","sunny-sweep-4 - _step__MIN","sunny-sweep-4 - _step__MAX","sunny-sweep-4 - expert_eval_collision_end_mean","sunny-sweep-4 - expert_eval_collision_end_mean__MIN","sunny-sweep-4 - expert_eval_collision_end_mean__MAX","earthy-sweep-3 - _step","earthy-sweep-3 - _step__MIN","earthy-sweep-3 - _step__MAX","earthy-sweep-3 - expert_eval_collision_end_mean","earthy-sweep-3 - expert_eval_collision_end_mean__MIN","earthy-sweep-3 - expert_eval_collision_end_mean__MAX","pious-sweep-2 - _step","pious-sweep-2 - _step__MIN","pious-sweep-2 - _step__MAX","pious-sweep-2 - expert_eval_collision_end_mean","pious-sweep-2 - expert_eval_collision_end_mean__MIN","pious-sweep-2 - expert_eval_collision_end_mean__MAX","rich-sweep-1 - _step","rich-sweep-1 - _step__MIN","rich-sweep-1 - _step__MAX","rich-sweep-1 - expert_eval_collision_end_mean","rich-sweep-1 - expert_eval_collision_end_mean__MIN","rich-sweep-1 - expert_eval_collision_end_mean__MAX"
"0","0","0","0","0","0","0","","","","","","","","","","","","","","","","","","","","","","","","","","","","","","","","","","","","","","","","","","","","","","","","","","","","","",""
"1600","2","2","2","0","0","0","2","2","2","0","0","0","2","2","2","0","0","0","2","2","2","0","0","0","2","2","2","0","0","0","2","2","2","0","0","0","2","2","2","0","0","0","2","2","2","0","0","0","2","2","2","0","0","0","2","2","2","0","0","0"
"3200","4","4","4","0","0","0","4","4","4","0","0","0","4","4","4","0","0","0","4","4","4","0","0","0","4","4","4","0","0","0","4","4","4","0","0","0","4","4","4","0","0","0","4","4","4","0","0","0","4","4","4","0","0","0","4","4","4","0","0","0"
"4800","6","6","6","0","0","0","6","6","6","0","0","0","6","6","6","0","0","0","6","6","6","0","0","0","6","6","6","0","0","0","6","6","6","0","0","0","6","6","6","0","0","0","6","6","6","0","0","0","6","6","6","0","0","0","6","6","6","0","0","0"
"6400","8","8","8","0","0","0","8","8","8","0","0","0","8","8","8","0","0","0","8","8","8","0","0","0","8","8","8","0","0","0","8","8","8","0","0","0","8","8","8","0","0","0","8","8","8","0","0","0","8","8","8","0","0","0","8","8","8","0","0","0"
"8000","10","10","10","0","0","0","10","10","10","0","0","0","10","10","10","0","0","0","10","10","10","0","0","0","10","10","10","0","0","0","10","10","10","0","0","0","10","10","10","0","0","0","10","10","10","0","0","0","10","10","10","0","0","0","10","10","10","0","0","0"
"9600","12","12","12","0","0","0","12","12","12","0","0","0","12","12","12","0","0","0","12","12","12","0","0","0","12","12","12","0","0","0","12","12","12","0","0","0","12","12","12","0","0","0","12","12","12","0","0","0","12","12","12","0","0","0","12","12","12","0","0","0"
"11200","14","14","14","0","0","0","14","14","14","0","0","0","14","14","14","0","0","0","14","14","14","0","0","0","14","14","14","0","0","0","14","14","14","0","0","0","14","14","14","0","0","0","14","14","14","0","0","0","14","14","14","0","0","0","14","14","14","0","0","0"
"12800","16","16","16","0","0","0","16","16","16","0","0","0","16","16","16","0","0","0","16","16","16","0","0","0","16","16","16","0","0","0","16","16","16","0","0","0","16","16","16","0","0","0","16","16","16","0","0","0","16","16","16","0","0","0","16","16","16","0","0","0"
"14400","18","18","18","0","0","0","18","18","18","0","0","0","18","18","18","0","0","0","18","18","18","0","0","0","18","18","18","0","0","0","18","18","18","0","0","0","18","18","18","0","0","0","18","18","18","0","0","0","18","18","18","0","0","0","18","18","18","0","0","0"
"16000","20","20","20","0","0","0","20","20","20","0","0","0","20","20","20","0","0","0","20","20","20","0","0","0","20","20","20","0","0","0","20","20","20","0","0","0","20","20","20","0","0","0","20","20","20","0","0","0","20","20","20","0","0","0","20","20","20","0","0","0"
"17600","22","22","22","0","0","0","22","22","22","0","0","0","22","22","22","0","0","0","22","22","22","0","0","0","22","22","22","0","0","0","22","22","22","0.3333333333333333","0.3333333333333333","0.3333333333333333","22","22","22","0","0","0","22","22","22","0","0","0","22","22","22","0","0","0","22","22","22","0","0","0"
"19200","24","24","24","0","0","0","24","24","24","0","0","0","24","24","24","0","0","0","24","24","24","0","0","0","24","24","24","0","0","0","24","24","24","0","0","0","24","24","24","0","0","0","24","24","24","0","0","0","24","24","24","0.3333333333333333","0.3333333333333333","0.3333333333333333","24","24","24","0","0","0"
"20800","26","26","26","0","0","0","26","26","26","0","0","0","26","26","26","0","0","0","26","26","26","0","0","0","26","26","26","0","0","0","26","26","26","0","0","0","26","26","26","0","0","0","26","26","26","0","0","0","26","26","26","0","0","0","26","26","26","0","0","0"
"22400","28","28","28","0","0","0","28","28","28","0","0","0","28","28","28","0","0","0","28","28","28","0","0","0","28","28","28","0","0","0","28","28","28","0","0","0","28","28","28","0","0","0","28","28","28","0","0","0","28","28","28","0","0","0","28","28","28","0","0","0"
"24000","30","30","30","0","0","0","30","30","30","0","0","0","30","30","30","0","0","0","30","30","30","0","0","0","30","30","30","0","0","0","30","30","30","0","0","0","30","30","30","0","0","0","30","30","30","0","0","0","30","30","30","0","0","0","30","30","30","0","0","0"
"25600","32","32","32","0","0","0","32","32","32","0","0","0","32","32","32","0","0","0","32","32","32","0","0","0","32","32","32","0","0","0","32","32","32","0","0","0","32","32","32","0","0","0","32","32","32","0","0","0","32","32","32","0","0","0","32","32","32","0","0","0"
"27200","34","34","34","0","0","0","34","34","34","0","0","0","34","34","34","0","0","0","34","34","34","0","0","0","34","34","34","0","0","0","34","34","34","0","0","0","34","34","34","0","0","0","34","34","34","0","0","0","34","34","34","0","0","0","34","34","34","0","0","0"
"28800","36","36","36","0","0","0","36","36","36","0","0","0","36","36","36","0","0","0","36","36","36","0.3333333333333333","0.3333333333333333","0.3333333333333333","36","36","36","0","0","0","36","36","36","0","0","0","36","36","36","0","0","0","36","36","36","0","0","0","36","36","36","0.3333333333333333","0.3333333333333333","0.3333333333333333","36","36","36","0","0","0"
"30400","38","38","38","0","0","0","38","38","38","0","0","0","38","38","38","0","0","0","38","38","38","0.3333333333333333","0.3333333333333333","0.3333333333333333","38","38","38","0","0","0","38","38","38","0.3333333333333333","0.3333333333333333","0.3333333333333333","38","38","38","0","0","0","38","38","38","0","0","0","38","38","38","0","0","0","38","38","38","0","0","0"
"32000","40","40","40","0","0","0","40","40","40","0","0","0","40","40","40","0.3333333333333333","0.3333333333333333","0.3333333333333333","40","40","40","0","0","0","40","40","40","0.3333333333333333","0.3333333333333333","0.3333333333333333","40","40","40","0.3333333333333333","0.3333333333333333","0.3333333333333333","40","40","40","0","0","0","40","40","40","0","0","0","40","40","40","0.3333333333333333","0.3333333333333333","0.3333333333333333","40","40","40","0","0","0"
"33600","42","42","42","0.3333333333333333","0.3333333333333333","0.3333333333333333","42","42","42","0","0","0","42","42","42","0.6666666666666666","0.6666666666666666","0.6666666666666666","42","42","42","0","0","0","42","42","42","0.3333333333333333","0.3333333333333333","0.3333333333333333","42","42","42","0.3333333333333333","0.3333333333333333","0.3333333333333333","42","42","42","0","0","0","42","42","42","0","0","0","42","42","42","0.6666666666666666","0.6666666666666666","0.6666666666666666","42","42","42","0","0","0"
"35200","44","44","44","0.3333333333333333","0.3333333333333333","0.3333333333333333","44","44","44","0","0","0","44","44","44","0","0","0","44","44","44","0","0","0","44","44","44","0","0","0","44","44","44","0.3333333333333333","0.3333333333333333","0.3333333333333333","44","44","44","0","0","0","44","44","44","0","0","0","44","44","44","0.3333333333333333","0.3333333333333333","0.3333333333333333","44","44","44","0","0","0"
"36800","46","46","46","0","0","0","46","46","46","0","0","0","46","46","46","0","0","0","46","46","46","0","0","0","46","46","46","0.6666666666666666","0.6666666666666666","0.6666666666666666","46","46","46","0","0","0","46","46","46","0","0","0","46","46","46","0","0","0","46","46","46","0.3333333333333333","0.3333333333333333","0.3333333333333333","46","46","46","0","0","0"
"38400","48","48","48","0.3333333333333333","0.3333333333333333","0.3333333333333333","48","48","48","0","0","0","48","48","48","0","0","0","48","48","48","0.3333333333333333","0.3333333333333333","0.3333333333333333","48","48","48","0","0","0","48","48","48","0","0","0","48","48","48","0","0","0","48","48","48","0","0","0","48","48","48","1","1","1","48","48","48","0","0","0"
"40000","50","50","50","0.3333333333333333","0.3333333333333333","0.3333333333333333","50","50","50","0","0","0","50","50","50","0","0","0","50","50","50","0.3333333333333333","0.3333333333333333","0.3333333333333333","50","50","50","0","0","0","50","50","50","0.3333333333333333","0.3333333333333333","0.3333333333333333","50","50","50","0","0","0","50","50","50","0","0","0","50","50","50","0","0","0","50","50","50","0","0","0"
"41600","52","52","52","0","0","0","52","52","52","0.3333333333333333","0.3333333333333333","0.3333333333333333","52","52","52","0.3333333333333333","0.3333333333333333","0.3333333333333333","52","52","52","0.3333333333333333","0.3333333333333333","0.3333333333333333","52","52","52","0.3333333333333333","0.3333333333333333","0.3333333333333333","52","52","52","0","0","0","52","52","52","0.3333333333333333","0.3333333333333333","0.3333333333333333","52","52","52","0","0","0","52","52","52","0","0","0","52","52","52","0","0","0"
"43200","54","54","54","0.3333333333333333","0.3333333333333333","0.3333333333333333","54","54","54","0","0","0","54","54","54","0.3333333333333333","0.3333333333333333","0.3333333333333333","54","54","54","0","0","0","54","54","54","0.6666666666666666","0.6666666666666666","0.6666666666666666","54","54","54","0.6666666666666666","0.6666666666666666","0.6666666666666666","54","54","54","0","0","0","54","54","54","0","0","0","54","54","54","0","0","0","54","54","54","0","0","0"
"44800","56","56","56","0.3333333333333333","0.3333333333333333","0.3333333333333333","56","56","56","0","0","0","56","56","56","0","0","0","56","56","56","0.6666666666666666","0.6666666666666666","0.6666666666666666","56","56","56","0","0","0","56","56","56","0.3333333333333333","0.3333333333333333","0.3333333333333333","56","56","56","0.3333333333333333","0.3333333333333333","0.3333333333333333","56","56","56","0.3333333333333333","0.3333333333333333","0.3333333333333333","56","56","56","0.3333333333333333","0.3333333333333333","0.3333333333333333","56","56","56","0","0","0"
"46400","58","58","58","0.3333333333333333","0.3333333333333333","0.3333333333333333","58","58","58","0","0","0","58","58","58","0.3333333333333333","0.3333333333333333","0.3333333333333333","58","58","58","0.3333333333333333","0.3333333333333333","0.3333333333333333","58","58","58","0.3333333333333333","0.3333333333333333","0.3333333333333333","58","58","58","0","0","0","58","58","58","0","0","0","58","58","58","0","0","0","58","58","58","0.3333333333333333","0.3333333333333333","0.3333333333333333","58","58","58","0","0","0"
"48000","60","60","60","0.3333333333333333","0.3333333333333333","0.3333333333333333","60","60","60","0","0","0","60","60","60","0.6666666666666666","0.6666666666666666","0.6666666666666666","60","60","60","0","0","0","60","60","60","0","0","0","60","60","60","0","0","0","60","60","60","0","0","0","60","60","60","0","0","0","60","60","60","0","0","0","60","60","60","0","0","0"
"49600","62","62","62","0","0","0","62","62","62","0","0","0","62","62","62","0","0","0","62","62","62","0.3333333333333333","0.3333333333333333","0.3333333333333333","62","62","62","0.3333333333333333","0.3333333333333333","0.3333333333333333","62","62","62","0.3333333333333333","0.3333333333333333","0.3333333333333333","62","62","62","0.3333333333333333","0.3333333333333333","0.3333333333333333","62","62","62","0","0","0","62","62","62","0","0","0","62","62","62","0","0","0"
"51200","64","64","64","0.3333333333333333","0.3333333333333333","0.3333333333333333","64","64","64","0","0","0","64","64","64","0","0","0","64","64","64","0.3333333333333333","0.3333333333333333","0.3333333333333333","64","64","64","0.3333333333333333","0.3333333333333333","0.3333333333333333","64","64","64","0","0","0","64","64","64","0.3333333333333333","0.3333333333333333","0.3333333333333333","64","64","64","0","0","0","64","64","64","0","0","0","64","64","64","0.3333333333333333","0.3333333333333333","0.3333333333333333"
"52800","66","66","66","0.3333333333333333","0.3333333333333333","0.3333333333333333","66","66","66","0","0","0","66","66","66","0.3333333333333333","0.3333333333333333","0.3333333333333333","66","66","66","0.3333333333333333","0.3333333333333333","0.3333333333333333","66","66","66","0","0","0","66","66","66","0","0","0","66","66","66","0","0","0","66","66","66","0","0","0","66","66","66","0.3333333333333333","0.3333333333333333","0.3333333333333333","66","66","66","0.3333333333333333","0.3333333333333333","0.3333333333333333"
"54400","68","68","68","0.3333333333333333","0.3333333333333333","0.3333333333333333","68","68","68","0","0","0","68","68","68","0.3333333333333333","0.3333333333333333","0.3333333333333333","68","68","68","0.3333333333333333","0.3333333333333333","0.3333333333333333","68","68","68","0","0","0","68","68","68","0","0","0","68","68","68","0","0","0","68","68","68","0","0","0","68","68","68","0.3333333333333333","0.3333333333333333","0.3333333333333333","68","68","68","0.3333333333333333","0.3333333333333333","0.3333333333333333"
"56000","70","70","70","0.3333333333333333","0.3333333333333333","0.3333333333333333","70","70","70","0.3333333333333333","0.3333333333333333","0.3333333333333333","70","70","70","0","0","0","70","70","70","0.3333333333333333","0.3333333333333333","0.3333333333333333","70","70","70","0.3333333333333333","0.3333333333333333","0.3333333333333333","70","70","70","0","0","0","70","70","70","0","0","0","70","70","70","0.3333333333333333","0.3333333333333333","0.3333333333333333","70","70","70","0","0","0","70","70","70","0","0","0"
"57600","72","72","72","0","0","0","72","72","72","0.3333333333333333","0.3333333333333333","0.3333333333333333","72","72","72","0.3333333333333333","0.3333333333333333","0.3333333333333333","72","72","72","0.3333333333333333","0.3333333333333333","0.3333333333333333","72","72","72","0.6666666666666666","0.6666666666666666","0.6666666666666666","72","72","72","0","0","0","72","72","72","0","0","0","72","72","72","0","0","0","72","72","72","0","0","0","72","72","72","0.3333333333333333","0.3333333333333333","0.3333333333333333"
"59200","74","74","74","0","0","0","74","74","74","0.3333333333333333","0.3333333333333333","0.3333333333333333","74","74","74","0.3333333333333333","0.3333333333333333","0.3333333333333333","74","74","74","0.3333333333333333","0.3333333333333333","0.3333333333333333","74","74","74","0.6666666666666666","0.6666666666666666","0.6666666666666666","74","74","74","0","0","0","74","74","74","0","0","0","74","74","74","0.3333333333333333","0.3333333333333333","0.3333333333333333","74","74","74","0.6666666666666666","0.6666666666666666","0.6666666666666666","74","74","74","0","0","0"
"60800","76","76","76","0","0","0","76","76","76","0","0","0","76","76","76","0.3333333333333333","0.3333333333333333","0.3333333333333333","76","76","76","0.3333333333333333","0.3333333333333333","0.3333333333333333","76","76","76","0.3333333333333333","0.3333333333333333","0.3333333333333333","76","76","76","0.3333333333333333","0.3333333333333333","0.3333333333333333","76","76","76","0","0","0","76","76","76","0","0","0","76","76","76","0.3333333333333333","0.3333333333333333","0.3333333333333333","76","76","76","0","0","0"
"62400","78","78","78","0","0","0","78","78","78","0.3333333333333333","0.3333333333333333","0.3333333333333333","78","78","78","0.6666666666666666","0.6666666666666666","0.6666666666666666","78","78","78","0.6666666666666666","0.6666666666666666","0.6666666666666666","78","78","78","0","0","0","78","78","78","0","0","0","78","78","78","0.3333333333333333","0.3333333333333333","0.3333333333333333","78","78","78","0.3333333333333333","0.3333333333333333","0.3333333333333333","78","78","78","0.3333333333333333","0.3333333333333333","0.3333333333333333","78","78","78","0.3333333333333333","0.3333333333333333","0.3333333333333333"
"64000","80","80","80","0","0","0","80","80","80","0.3333333333333333","0.3333333333333333","0.3333333333333333","80","80","80","0.6666666666666666","0.6666666666666666","0.6666666666666666","80","80","80","0.3333333333333333","0.3333333333333333","0.3333333333333333","80","80","80","0.3333333333333333","0.3333333333333333","0.3333333333333333","80","80","80","0","0","0","80","80","80","0","0","0","80","80","80","0","0","0","80","80","80","0.3333333333333333","0.3333333333333333","0.3333333333333333","80","80","80","0.3333333333333333","0.3333333333333333","0.3333333333333333"
"65600","82","82","82","0","0","0","82","82","82","0","0","0","82","82","82","0","0","0","82","82","82","1","1","1","82","82","82","0","0","0","82","82","82","0.3333333333333333","0.3333333333333333","0.3333333333333333","82","82","82","0","0","0","82","82","82","0","0","0","82","82","82","0.6666666666666666","0.6666666666666666","0.6666666666666666","82","82","82","0","0","0"
"67200","84","84","84","0","0","0","84","84","84","0.6666666666666666","0.6666666666666666","0.6666666666666666","84","84","84","0.3333333333333333","0.3333333333333333","0.3333333333333333","84","84","84","0.3333333333333333","0.3333333333333333","0.3333333333333333","84","84","84","0.6666666666666666","0.6666666666666666","0.6666666666666666","84","84","84","0","0","0","84","84","84","0.3333333333333333","0.3333333333333333","0.3333333333333333","84","84","84","0","0","0","84","84","84","0.3333333333333333","0.3333333333333333","0.3333333333333333","84","84","84","0.6666666666666666","0.6666666666666666","0.6666666666666666"
"68800","86","86","86","0","0","0","86","86","86","0","0","0","86","86","86","0.3333333333333333","0.3333333333333333","0.3333333333333333","86","86","86","0","0","0","86","86","86","0","0","0","86","86","86","0.3333333333333333","0.3333333333333333","0.3333333333333333","86","86","86","0.3333333333333333","0.3333333333333333","0.3333333333333333","86","86","86","0","0","0","86","86","86","0.3333333333333333","0.3333333333333333","0.3333333333333333","86","86","86","0.3333333333333333","0.3333333333333333","0.3333333333333333"
"70400","88","88","88","0","0","0","88","88","88","0","0","0","88","88","88","0.6666666666666666","0.6666666666666666","0.6666666666666666","88","88","88","0.3333333333333333","0.3333333333333333","0.3333333333333333","88","88","88","0.6666666666666666","0.6666666666666666","0.6666666666666666","88","88","88","0","0","0","88","88","88","0","0","0","88","88","88","0","0","0","88","88","88","0","0","0","88","88","88","0","0","0"
"72000","90","90","90","0.3333333333333333","0.3333333333333333","0.3333333333333333","90","90","90","0.6666666666666666","0.6666666666666666","0.6666666666666666","90","90","90","0","0","0","90","90","90","0.3333333333333333","0.3333333333333333","0.3333333333333333","90","90","90","0.3333333333333333","0.3333333333333333","0.3333333333333333","90","90","90","0","0","0","90","90","90","0.3333333333333333","0.3333333333333333","0.3333333333333333","90","90","90","0","0","0","90","90","90","0","0","0","90","90","90","0","0","0"
"73600","92","92","92","0.3333333333333333","0.3333333333333333","0.3333333333333333","92","92","92","0.6666666666666666","0.6666666666666666","0.6666666666666666","92","92","92","0.3333333333333333","0.3333333333333333","0.3333333333333333","92","92","92","0.3333333333333333","0.3333333333333333","0.3333333333333333","92","92","92","0.3333333333333333","0.3333333333333333","0.3333333333333333","92","92","92","0.3333333333333333","0.3333333333333333","0.3333333333333333","92","92","92","0","0","0","92","92","92","0","0","0","92","92","92","0.3333333333333333","0.3333333333333333","0.3333333333333333","92","92","92","0","0","0"
"75200","94","94","94","0","0","0","94","94","94","0.3333333333333333","0.3333333333333333","0.3333333333333333","94","94","94","0.6666666666666666","0.6666666666666666","0.6666666666666666","94","94","94","0.3333333333333333","0.3333333333333333","0.3333333333333333","94","94","94","0.6666666666666666","0.6666666666666666","0.6666666666666666","94","94","94","0","0","0","94","94","94","0.3333333333333333","0.3333333333333333","0.3333333333333333","94","94","94","0.3333333333333333","0.3333333333333333","0.3333333333333333","94","94","94","0.6666666666666666","0.6666666666666666","0.6666666666666666","94","94","94","0.6666666666666666","0.6666666666666666","0.6666666666666666"
"76800","96","96","96","0","0","0","96","96","96","0.3333333333333333","0.3333333333333333","0.3333333333333333","96","96","96","0.3333333333333333","0.3333333333333333","0.3333333333333333","96","96","96","0","0","0","96","96","96","0.3333333333333333","0.3333333333333333","0.3333333333333333","96","96","96","0","0","0","96","96","96","0.3333333333333333","0.3333333333333333","0.3333333333333333","96","96","96","0","0","0","96","96","96","0","0","0","96","96","96","0.6666666666666666","0.6666666666666666","0.6666666666666666"
"78400","98","98","98","0","0","0","98","98","98","0.3333333333333333","0.3333333333333333","0.3333333333333333","98","98","98","0.6666666666666666","0.6666666666666666","0.6666666666666666","98","98","98","0","0","0","98","98","98","0.3333333333333333","0.3333333333333333","0.3333333333333333","98","98","98","0","0","0","98","98","98","0.6666666666666666","0.6666666666666666","0.6666666666666666","98","98","98","0","0","0","98","98","98","0.6666666666666666","0.6666666666666666","0.6666666666666666","98","98","98","0.3333333333333333","0.3333333333333333","0.3333333333333333"
"80000","100","100","100","0","0","0","100","100","100","0","0","0","100","100","100","0.6666666666666666","0.6666666666666666","0.6666666666666666","100","100","100","0","0","0","100","100","100","0.6666666666666666","0.6666666666666666","0.6666666666666666","100","100","100","0","0","0","100","100","100","0.3333333333333333","0.3333333333333333","0.3333333333333333","100","100","100","0","0","0","100","100","100","0.3333333333333333","0.3333333333333333","0.3333333333333333","100","100","100","0","0","0"
"81600","102","102","102","0","0","0","102","102","102","0.3333333333333333","0.3333333333333333","0.3333333333333333","102","102","102","1","1","1","102","102","102","0","0","0","102","102","102","0.3333333333333333","0.3333333333333333","0.3333333333333333","102","102","102","0","0","0","102","102","102","0","0","0","102","102","102","0","0","0","102","102","102","0.3333333333333333","0.3333333333333333","0.3333333333333333","102","102","102","0","0","0"
"83200","104","104","104","0.3333333333333333","0.3333333333333333","0.3333333333333333","104","104","104","0.3333333333333333","0.3333333333333333","0.3333333333333333","104","104","104","0.6666666666666666","0.6666666666666666","0.6666666666666666","104","104","104","0","0","0","104","104","104","0.3333333333333333","0.3333333333333333","0.3333333333333333","104","104","104","0","0","0","104","104","104","0.6666666666666666","0.6666666666666666","0.6666666666666666","104","104","104","0","0","0","104","104","104","0.6666666666666666","0.6666666666666666","0.6666666666666666","104","104","104","0.3333333333333333","0.3333333333333333","0.3333333333333333"
"84800","106","106","106","0.3333333333333333","0.3333333333333333","0.3333333333333333","106","106","106","0.6666666666666666","0.6666666666666666","0.6666666666666666","106","106","106","0.3333333333333333","0.3333333333333333","0.3333333333333333","106","106","106","0.3333333333333333","0.3333333333333333","0.3333333333333333","106","106","106","0.3333333333333333","0.3333333333333333","0.3333333333333333","106","106","106","0","0","0","106","106","106","0.3333333333333333","0.3333333333333333","0.3333333333333333","106","106","106","0.3333333333333333","0.3333333333333333","0.3333333333333333","106","106","106","0.3333333333333333","0.3333333333333333","0.3333333333333333","106","106","106","0.3333333333333333","0.3333333333333333","0.3333333333333333"
"86400","108","108","108","0","0","0","108","108","108","0","0","0","108","108","108","0.3333333333333333","0.3333333333333333","0.3333333333333333","108","108","108","0.3333333333333333","0.3333333333333333","0.3333333333333333","108","108","108","0.3333333333333333","0.3333333333333333","0.3333333333333333","108","108","108","0","0","0","108","108","108","0.6666666666666666","0.6666666666666666","0.6666666666666666","108","108","108","0","0","0","108","108","108","0.3333333333333333","0.3333333333333333","0.3333333333333333","108","108","108","0","0","0"
"88000","110","110","110","0.6666666666666666","0.6666666666666666","0.6666666666666666","110","110","110","0","0","0","110","110","110","0.3333333333333333","0.3333333333333333","0.3333333333333333","110","110","110","1","1","1","110","110","110","0.3333333333333333","0.3333333333333333","0.3333333333333333","110","110","110","0.3333333333333333","0.3333333333333333","0.3333333333333333","110","110","110","0","0","0","110","110","110","0","0","0","110","110","110","0","0","0","110","110","110","0","0","0"
"89600","112","112","112","0","0","0","112","112","112","0.3333333333333333","0.3333333333333333","0.3333333333333333","112","112","112","0.3333333333333333","0.3333333333333333","0.3333333333333333","112","112","112","0","0","0","112","112","112","0.3333333333333333","0.3333333333333333","0.3333333333333333","112","112","112","0.3333333333333333","0.3333333333333333","0.3333333333333333","112","112","112","0","0","0","112","112","112","0","0","0","112","112","112","0","0","0","112","112","112","0","0","0"
"91200","114","114","114","0.6666666666666666","0.6666666666666666","0.6666666666666666","114","114","114","0","0","0","114","114","114","0.3333333333333333","0.3333333333333333","0.3333333333333333","114","114","114","0.3333333333333333","0.3333333333333333","0.3333333333333333","114","114","114","0","0","0","114","114","114","0","0","0","114","114","114","0.6666666666666666","0.6666666666666666","0.6666666666666666","114","114","114","0","0","0","114","114","114","0.6666666666666666","0.6666666666666666","0.6666666666666666","114","114","114","0","0","0"
"92800","116","116","116","0","0","0","116","116","116","0.3333333333333333","0.3333333333333333","0.3333333333333333","116","116","116","0.6666666666666666","0.6666666666666666","0.6666666666666666","116","116","116","0","0","0","116","116","116","0","0","0","116","116","116","0","0","0","116","116","116","0.3333333333333333","0.3333333333333333","0.3333333333333333","116","116","116","0","0","0","116","116","116","0.6666666666666666","0.6666666666666666","0.6666666666666666","116","116","116","0","0","0"
"94400","118","118","118","0","0","0","118","118","118","0","0","0","118","118","118","0","0","0","118","118","118","0","0","0","118","118","118","0","0","0","118","118","118","0.3333333333333333","0.3333333333333333","0.3333333333333333","118","118","118","0.3333333333333333","0.3333333333333333","0.3333333333333333","118","118","118","0.3333333333333333","0.3333333333333333","0.3333333333333333","118","118","118","0.6666666666666666","0.6666666666666666","0.6666666666666666","118","118","118","0","0","0"
"96000","120","120","120","0","0","0","120","120","120","0.3333333333333333","0.3333333333333333","0.3333333333333333","120","120","120","0","0","0","120","120","120","0","0","0","120","120","120","0","0","0","120","120","120","0","0","0","120","120","120","0.6666666666666666","0.6666666666666666","0.6666666666666666","120","120","120","0.3333333333333333","0.3333333333333333","0.3333333333333333","120","120","120","0.3333333333333333","0.3333333333333333","0.3333333333333333","120","120","120","0","0","0"
"97600","122","122","122","0","0","0","122","122","122","0","0","0","122","122","122","0","0","0","122","122","122","0","0","0","122","122","122","0.3333333333333333","0.3333333333333333","0.3333333333333333","122","122","122","0","0","0","122","122","122","0.6666666666666666","0.6666666666666666","0.6666666666666666","122","122","122","0.6666666666666666","0.6666666666666666","0.6666666666666666","122","122","122","1","1","1","122","122","122","0","0","0"
"99200","124","124","124","0","0","0","124","124","124","0","0","0","124","124","124","0.3333333333333333","0.3333333333333333","0.3333333333333333","124","124","124","0","0","0","124","124","124","0","0","0","124","124","124","0","0","0","124","124","124","0.3333333333333333","0.3333333333333333","0.3333333333333333","124","124","124","0","0","0","124","124","124","0.6666666666666666","0.6666666666666666","0.6666666666666666","124","124","124","0","0","0"
"100800","126","126","126","0.3333333333333333","0.3333333333333333","0.3333333333333333","126","126","126","0","0","0","126","126","126","0.3333333333333333","0.3333333333333333","0.3333333333333333","126","126","126","0.3333333333333333","0.3333333333333333","0.3333333333333333","126","126","126","0","0","0","126","126","126","0.3333333333333333","0.3333333333333333","0.3333333333333333","126","126","126","0.3333333333333333","0.3333333333333333","0.3333333333333333","126","126","126","0.6666666666666666","0.6666666666666666","0.6666666666666666","126","126","126","0.3333333333333333","0.3333333333333333","0.3333333333333333","126","126","126","0","0","0"
"102400","128","128","128","0","0","0","128","128","128","0","0","0","128","128","128","0","0","0","128","128","128","0","0","0","128","128","128","0.6666666666666666","0.6666666666666666","0.6666666666666666","128","128","128","0.3333333333333333","0.3333333333333333","0.3333333333333333","128","128","128","0","0","0","128","128","128","0","0","0","128","128","128","0.6666666666666666","0.6666666666666666","0.6666666666666666","128","128","128","0","0","0"
"104000","130","130","130","0","0","0","130","130","130","0.3333333333333333","0.3333333333333333","0.3333333333333333","130","130","130","0","0","0","130","130","130","0","0","0","130","130","130","0","0","0","130","130","130","0.3333333333333333","0.3333333333333333","0.3333333333333333","130","130","130","0","0","0","130","130","130","0.6666666666666666","0.6666666666666666","0.6666666666666666","130","130","130","0.6666666666666666","0.6666666666666666","0.6666666666666666","130","130","130","0","0","0"
"105600","132","132","132","0","0","0","132","132","132","0.3333333333333333","0.3333333333333333","0.3333333333333333","132","132","132","0","0","0","132","132","132","0","0","0","132","132","132","0.3333333333333333","0.3333333333333333","0.3333333333333333","132","132","132","0","0","0","132","132","132","0.3333333333333333","0.3333333333333333","0.3333333333333333","132","132","132","0","0","0","132","132","132","0.3333333333333333","0.3333333333333333","0.3333333333333333","132","132","132","0","0","0"
"107200","134","134","134","0.3333333333333333","0.3333333333333333","0.3333333333333333","134","134","134","0","0","0","134","134","134","0.6666666666666666","0.6666666666666666","0.6666666666666666","134","134","134","0","0","0","134","134","134","0.3333333333333333","0.3333333333333333","0.3333333333333333","134","134","134","0","0","0","134","134","134","0","0","0","134","134","134","0.3333333333333333","0.3333333333333333","0.3333333333333333","134","134","134","0.3333333333333333","0.3333333333333333","0.3333333333333333","134","134","134","0","0","0"
"108800","136","136","136","0","0","0","136","136","136","0.3333333333333333","0.3333333333333333","0.3333333333333333","136","136","136","0.3333333333333333","0.3333333333333333","0.3333333333333333","136","136","136","0","0","0","136","136","136","0","0","0","136","136","136","0","0","0","136","136","136","0","0","0","136","136","136","0","0","0","136","136","136","0.6666666666666666","0.6666666666666666","0.6666666666666666","136","136","136","0","0","0"
"110400","138","138","138","0","0","0","138","138","138","0","0","0","138","138","138","0","0","0","138","138","138","0","0","0","138","138","138","0","0","0","138","138","138","0","0","0","138","138","138","0.3333333333333333","0.3333333333333333","0.3333333333333333","138","138","138","0.6666666666666666","0.6666666666666666","0.6666666666666666","138","138","138","0.3333333333333333","0.3333333333333333","0.3333333333333333","138","138","138","0","0","0"
"112000","140","140","140","0.3333333333333333","0.3333333333333333","0.3333333333333333","140","140","140","0.3333333333333333","0.3333333333333333","0.3333333333333333","140","140","140","0.3333333333333333","0.3333333333333333","0.3333333333333333","140","140","140","0","0","0","140","140","140","0.3333333333333333","0.3333333333333333","0.3333333333333333","140","140","140","0","0","0","140","140","140","0.6666666666666666","0.6666666666666666","0.6666666666666666","140","140","140","0","0","0","140","140","140","0.3333333333333333","0.3333333333333333","0.3333333333333333","140","140","140","0","0","0"
"113600","142","142","142","0.3333333333333333","0.3333333333333333","0.3333333333333333","142","142","142","0","0","0","142","142","142","0","0","0","142","142","142","0","0","0","142","142","142","0","0","0","142","142","142","0","0","0","142","142","142","0.3333333333333333","0.3333333333333333","0.3333333333333333","142","142","142","0.3333333333333333","0.3333333333333333","0.3333333333333333","142","142","142","1","1","1","142","142","142","0","0","0"
"115200","144","144","144","0.3333333333333333","0.3333333333333333","0.3333333333333333","144","144","144","0","0","0","144","144","144","0","0","0","144","144","144","0","0","0","144","144","144","0.3333333333333333","0.3333333333333333","0.3333333333333333","144","144","144","0","0","0","144","144","144","0","0","0","144","144","144","0","0","0","144","144","144","0","0","0","144","144","144","0","0","0"
"116800","146","146","146","0","0","0","146","146","146","0","0","0","146","146","146","0","0","0","146","146","146","0","0","0","146","146","146","0","0","0","146","146","146","0.3333333333333333","0.3333333333333333","0.3333333333333333","146","146","146","0.3333333333333333","0.3333333333333333","0.3333333333333333","146","146","146","0.3333333333333333","0.3333333333333333","0.3333333333333333","146","146","146","0.6666666666666666","0.6666666666666666","0.6666666666666666","146","146","146","0","0","0"
"118400","148","148","148","0","0","0","148","148","148","0","0","0","148","148","148","0","0","0","148","148","148","0","0","0","148","148","148","0","0","0","148","148","148","0","0","0","148","148","148","0","0","0","148","148","148","0","0","0","148","148","148","0.6666666666666666","0.6666666666666666","0.6666666666666666","148","148","148","0.3333333333333333","0.3333333333333333","0.3333333333333333"
"120000","150","150","150","0.3333333333333333","0.3333333333333333","0.3333333333333333","150","150","150","0","0","0","150","150","150","0","0","0","150","150","150","0.3333333333333333","0.3333333333333333","0.3333333333333333","150","150","150","0","0","0","150","150","150","0","0","0","150","150","150","0","0","0","150","150","150","0.3333333333333333","0.3333333333333333","0.3333333333333333","150","150","150","0.3333333333333333","0.3333333333333333","0.3333333333333333","150","150","150","0.3333333333333333","0.3333333333333333","0.3333333333333333"
"121600","152","152","152","0","0","0","152","152","152","0.3333333333333333","0.3333333333333333","0.3333333333333333","152","152","152","0.3333333333333333","0.3333333333333333","0.3333333333333333","152","152","152","0","0","0","152","152","152","0.3333333333333333","0.3333333333333333","0.3333333333333333","152","152","152","0","0","0","152","152","152","0","0","0","152","152","152","0.3333333333333333","0.3333333333333333","0.3333333333333333","152","152","152","0.3333333333333333","0.3333333333333333","0.3333333333333333","152","152","152","0","0","0"
"123200","154","154","154","0","0","0","154","154","154","0","0","0","154","154","154","0.3333333333333333","0.3333333333333333","0.3333333333333333","154","154","154","0","0","0","154","154","154","0","0","0","154","154","154","0.3333333333333333","0.3333333333333333","0.3333333333333333","154","154","154","0","0","0","154","154","154","0","0","0","154","154","154","0.6666666666666666","0.6666666666666666","0.6666666666666666","154","154","154","0","0","0"
"124800","156","156","156","0","0","0","156","156","156","0","0","0","156","156","156","0","0","0","156","156","156","0","0","0","156","156","156","0","0","0","156","156","156","0","0","0","156","156","156","0","0","0","156","156","156","0.3333333333333333","0.3333333333333333","0.3333333333333333","156","156","156","0.3333333333333333","0.3333333333333333","0.3333333333333333","156","156","156","0","0","0"
"126400","158","158","158","0","0","0","158","158","158","0","0","0","158","158","158","0","0","0","158","158","158","0","0","0","158","158","158","0","0","0","158","158","158","0.3333333333333333","0.3333333333333333","0.3333333333333333","158","158","158","0","0","0","158","158","158","0.3333333333333333","0.3333333333333333","0.3333333333333333","158","158","158","0","0","0","158","158","158","0","0","0"
"128000","160","160","160","0","0","0","160","160","160","0","0","0","160","160","160","0","0","0","160","160","160","0","0","0","160","160","160","0","0","0","160","160","160","0.3333333333333333","0.3333333333333333","0.3333333333333333","160","160","160","0","0","0","160","160","160","0","0","0","160","160","160","0.3333333333333333","0.3333333333333333","0.3333333333333333","160","160","160","0","0","0"
"129600","162","162","162","0","0","0","162","162","162","0","0","0","162","162","162","0","0","0","162","162","162","0","0","0","162","162","162","0","0","0","162","162","162","0.3333333333333333","0.3333333333333333","0.3333333333333333","162","162","162","0","0","0","162","162","162","0","0","0","162","162","162","0.3333333333333333","0.3333333333333333","0.3333333333333333","162","162","162","0","0","0"
"131200","164","164","164","0","0","0","164","164","164","0","0","0","164","164","164","0","0","0","164","164","164","0","0","0","164","164","164","0","0","0","164","164","164","0","0","0","164","164","164","0","0","0","164","164","164","0","0","0","164","164","164","0.3333333333333333","0.3333333333333333","0.3333333333333333","164","164","164","0","0","0"
"132800","166","166","166","0","0","0","166","166","166","0.3333333333333333","0.3333333333333333","0.3333333333333333","166","166","166","0.3333333333333333","0.3333333333333333","0.3333333333333333","166","166","166","0","0","0","166","166","166","0","0","0","166","166","166","0","0","0","166","166","166","0","0","0","166","166","166","0","0","0","166","166","166","0","0","0","166","166","166","0.3333333333333333","0.3333333333333333","0.3333333333333333"
"134400","168","168","168","0","0","0","168","168","168","0","0","0","168","168","168","0.3333333333333333","0.3333333333333333","0.3333333333333333","168","168","168","0","0","0","168","168","168","0","0","0","168","168","168","0","0","0","168","168","168","0.6666666666666666","0.6666666666666666","0.6666666666666666","168","168","168","0","0","0","168","168","168","0","0","0","168","168","168","0","0","0"
"136000","170","170","170","0","0","0","170","170","170","0","0","0","170","170","170","0.3333333333333333","0.3333333333333333","0.3333333333333333","170","170","170","0","0","0","170","170","170","0","0","0","170","170","170","0","0","0","170","170","170","0","0","0","170","170","170","0","0","0","170","170","170","0.3333333333333333","0.3333333333333333","0.3333333333333333","170","170","170","0","0","0"
"137600","172","172","172","0","0","0","172","172","172","0","0","0","172","172","172","0","0","0","172","172","172","0","0","0","172","172","172","0","0","0","172","172","172","0","0","0","172","172","172","0","0","0","172","172","172","0","0","0","172","172","172","0","0","0","172","172","172","0","0","0"
"139200","174","174","174","0.3333333333333333","0.3333333333333333","0.3333333333333333","174","174","174","0","0","0","174","174","174","0","0","0","174","174","174","0","0","0","174","174","174","0","0","0","174","174","174","0","0","0","174","174","174","0","0","0","174","174","174","0.3333333333333333","0.3333333333333333","0.3333333333333333","174","174","174","0.3333333333333333","0.3333333333333333","0.3333333333333333","174","174","174","0","0","0"
"140800","176","176","176","0","0","0","176","176","176","0.3333333333333333","0.3333333333333333","0.3333333333333333","176","176","176","0","0","0","176","176","176","0","0","0","176","176","176","0","0","0","176","176","176","0","0","0","176","176","176","0","0","0","176","176","176","0","0","0","176","176","176","0.3333333333333333","0.3333333333333333","0.3333333333333333","176","176","176","0","0","0"
"142400","178","178","178","0.3333333333333333","0.3333333333333333","0.3333333333333333","178","178","178","0","0","0","178","178","178","0","0","0","178","178","178","0","0","0","178","178","178","0","0","0","178","178","178","0","0","0","178","178","178","0","0","0","178","178","178","0","0","0","178","178","178","0.3333333333333333","0.3333333333333333","0.3333333333333333","178","178","178","0","0","0"
"144000","180","180","180","0.3333333333333333","0.3333333333333333","0.3333333333333333","180","180","180","0","0","0","180","180","180","0","0","0","180","180","180","0","0","0","180","180","180","0.3333333333333333","0.3333333333333333","0.3333333333333333","180","180","180","0","0","0","180","180","180","0","0","0","180","180","180","0","0","0","180","180","180","0","0","0","180","180","180","0","0","0"
"145600","182","182","182","0.3333333333333333","0.3333333333333333","0.3333333333333333","182","182","182","0.3333333333333333","0.3333333333333333","0.3333333333333333","182","182","182","0.3333333333333333","0.3333333333333333","0.3333333333333333","182","182","182","0","0","0","182","182","182","0","0","0","182","182","182","0","0","0","182","182","182","0","0","0","182","182","182","0","0","0","182","182","182","0.6666666666666666","0.6666666666666666","0.6666666666666666","182","182","182","0","0","0"
"147200","184","184","184","0","0","0","184","184","184","0","0","0","184","184","184","0","0","0","184","184","184","0","0","0","184","184","184","0.3333333333333333","0.3333333333333333","0.3333333333333333","184","184","184","0","0","0","184","184","184","0","0","0","184","184","184","0","0","0","184","184","184","0.3333333333333333","0.3333333333333333","0.3333333333333333","184","184","184","0","0","0"
"148800","186","186","186","0","0","0","186","186","186","0","0","0","186","186","186","0.3333333333333333","0.3333333333333333","0.3333333333333333","186","186","186","0","0","0","186","186","186","0","0","0","186","186","186","0","0","0","186","186","186","0","0","0","186","186","186","0","0","0","186","186","186","0.3333333333333333","0.3333333333333333","0.3333333333333333","186","186","186","0","0","0"
"150400","188","188","188","0.3333333333333333","0.3333333333333333","0.3333333333333333","188","188","188","0","0","0","188","188","188","0.6666666666666666","0.6666666666666666","0.6666666666666666","188","188","188","0","0","0","188","188","188","0","0","0","188","188","188","0","0","0","188","188","188","0","0","0","188","188","188","0.6666666666666666","0.6666666666666666","0.6666666666666666","188","188","188","0","0","0","188","188","188","0","0","0"
"152000","190","190","190","0","0","0","190","190","190","0","0","0","190","190","190","0","0","0","190","190","190","0","0","0","190","190","190","0","0","0","190","190","190","0","0","0","190","190","190","0.3333333333333333","0.3333333333333333","0.3333333333333333","190","190","190","0","0","0","190","190","190","0","0","0","190","190","190","0.3333333333333333","0.3333333333333333","0.3333333333333333"
"153600","192","192","192","0","0","0","192","192","192","0","0","0","192","192","192","0","0","0","192","192","192","0.3333333333333333","0.3333333333333333","0.3333333333333333","192","192","192","0","0","0","192","192","192","0","0","0","192","192","192","0","0","0","192","192","192","0","0","0","192","192","192","0.3333333333333333","0.3333333333333333","0.3333333333333333","192","192","192","0","0","0"
"155200","194","194","194","0","0","0","194","194","194","0","0","0","194","194","194","0","0","0","194","194","194","0","0","0","194","194","194","0","0","0","194","194","194","0","0","0","194","194","194","0","0","0","194","194","194","0","0","0","194","194","194","0.3333333333333333","0.3333333333333333","0.3333333333333333","194","194","194","0","0","0"
"156800","196","196","196","0","0","0","196","196","196","0","0","0","196","196","196","0","0","0","196","196","196","0","0","0","196","196","196","0","0","0","196","196","196","0","0","0","196","196","196","0","0","0","196","196","196","0","0","0","196","196","196","0.3333333333333333","0.3333333333333333","0.3333333333333333","196","196","196","0","0","0"
"158400","198","198","198","0","0","0","198","198","198","0","0","0","198","198","198","0","0","0","198","198","198","0","0","0","198","198","198","0","0","0","198","198","198","0","0","0","198","198","198","0","0","0","198","198","198","0.3333333333333333","0.3333333333333333","0.3333333333333333","198","198","198","0","0","0","198","198","198","0","0","0"
"160000","200","200","200","0.3333333333333333","0.3333333333333333","0.3333333333333333","200","200","200","0","0","0","200","200","200","0","0","0","200","200","200","0.3333333333333333","0.3333333333333333","0.3333333333333333","200","200","200","0","0","0","200","200","200","0","0","0","200","200","200","0","0","0","200","200","200","0","0","0","200","200","200","0","0","0","200","200","200","0","0","0"
"161600","202","202","202","0","0","0","202","202","202","0","0","0","202","202","202","0","0","0","202","202","202","0","0","0","202","202","202","0","0","0","202","202","202","0","0","0","202","202","202","0.3333333333333333","0.3333333333333333","0.3333333333333333","202","202","202","0","0","0","202","202","202","0","0","0","202","202","202","0","0","0"
"163200","204","204","204","0","0","0","204","204","204","0","0","0","204","204","204","0","0","0","204","204","204","0","0","0","204","204","204","0","0","0","204","204","204","0","0","0","204","204","204","0","0","0","204","204","204","0","0","0","204","204","204","0","0","0","204","204","204","0","0","0"
"164800","206","206","206","0","0","0","206","206","206","0","0","0","206","206","206","0","0","0","206","206","206","0.3333333333333333","0.3333333333333333","0.3333333333333333","206","206","206","0","0","0","206","206","206","0","0","0","206","206","206","0","0","0","206","206","206","0","0","0","206","206","206","0","0","0","206","206","206","0","0","0"
"166400","208","208","208","0.3333333333333333","0.3333333333333333","0.3333333333333333","208","208","208","0","0","0","208","208","208","0","0","0","208","208","208","0","0","0","208","208","208","0","0","0","208","208","208","0","0","0","208","208","208","0","0","0","208","208","208","0","0","0","208","208","208","0","0","0","208","208","208","0","0","0"
"168000","210","210","210","0","0","0","210","210","210","0","0","0","210","210","210","0","0","0","210","210","210","0","0","0","210","210","210","0","0","0","210","210","210","0","0","0","210","210","210","0","0","0","210","210","210","0","0","0","210","210","210","0","0","0","210","210","210","0","0","0"
"169600","212","212","212","0","0","0","212","212","212","0","0","0","212","212","212","0","0","0","212","212","212","0","0","0","212","212","212","0","0","0","212","212","212","0","0","0","212","212","212","0","0","0","212","212","212","0","0","0","212","212","212","0","0","0","212","212","212","0","0","0"
"171200","214","214","214","0","0","0","214","214","214","0","0","0","214","214","214","0","0","0","214","214","214","0","0","0","214","214","214","0","0","0","214","214","214","0","0","0","214","214","214","0","0","0","214","214","214","0","0","0","214","214","214","0","0","0","214","214","214","0","0","0"
"172800","216","216","216","0","0","0","216","216","216","0","0","0","216","216","216","0","0","0","216","216","216","0","0","0","216","216","216","0","0","0","216","216","216","0","0","0","216","216","216","0","0","0","216","216","216","0","0","0","216","216","216","0","0","0","216","216","216","0","0","0"
"174400","218","218","218","0","0","0","218","218","218","0","0","0","218","218","218","0","0","0","218","218","218","0","0","0","218","218","218","0","0","0","218","218","218","0","0","0","218","218","218","0","0","0","218","218","218","0","0","0","218","218","218","0","0","0","218","218","218","0","0","0"
"176000","220","220","220","0","0","0","220","220","220","0","0","0","220","220","220","0","0","0","220","220","220","0","0","0","220","220","220","0","0","0","220","220","220","0","0","0","220","220","220","0.3333333333333333","0.3333333333333333","0.3333333333333333","220","220","220","0","0","0","220","220","220","0","0","0","220","220","220","0","0","0"
"177600","222","222","222","0.3333333333333333","0.3333333333333333","0.3333333333333333","222","222","222","0","0","0","222","222","222","0","0","0","222","222","222","0.3333333333333333","0.3333333333333333","0.3333333333333333","222","222","222","0","0","0","222","222","222","0","0","0","222","222","222","0","0","0","222","222","222","0","0","0","222","222","222","0","0","0","222","222","222","0","0","0"
"179200","224","224","224","0","0","0","224","224","224","0","0","0","224","224","224","0","0","0","224","224","224","0","0","0","224","224","224","0","0","0","224","224","224","0","0","0","224","224","224","0","0","0","224","224","224","0","0","0","224","224","224","0","0","0","224","224","224","0","0","0"
"180800","226","226","226","0","0","0","226","226","226","0","0","0","226","226","226","0","0","0","226","226","226","0","0","0","226","226","226","0","0","0","226","226","226","0","0","0","226","226","226","0","0","0","226","226","226","0","0","0","226","226","226","0","0","0","226","226","226","0","0","0"
"182400","228","228","228","0","0","0","228","228","228","0","0","0","228","228","228","0","0","0","228","228","228","0.3333333333333333","0.3333333333333333","0.3333333333333333","228","228","228","0","0","0","228","228","228","0","0","0","228","228","228","0","0","0","228","228","228","0","0","0","228","228","228","0","0","0","228","228","228","0","0","0"
"184000","230","230","230","0","0","0","230","230","230","0","0","0","230","230","230","0","0","0","230","230","230","0.3333333333333333","0.3333333333333333","0.3333333333333333","230","230","230","0","0","0","230","230","230","0","0","0","230","230","230","0","0","0","230","230","230","0","0","0","230","230","230","0","0","0","230","230","230","0","0","0"
"185600","232","232","232","0","0","0","232","232","232","0","0","0","232","232","232","0","0","0","232","232","232","0","0","0","232","232","232","0","0","0","232","232","232","0","0","0","232","232","232","0","0","0","232","232","232","0","0","0","232","232","232","0","0","0","232","232","232","0","0","0"
"187200","234","234","234","0","0","0","234","234","234","0","0","0","234","234","234","0","0","0","234","234","234","0","0","0","234","234","234","0","0","0","234","234","234","0","0","0","234","234","234","0","0","0","234","234","234","0","0","0","234","234","234","0","0","0","234","234","234","0.3333333333333333","0.3333333333333333","0.3333333333333333"
"188800","236","236","236","0","0","0","236","236","236","0","0","0","236","236","236","0","0","0","236","236","236","0","0","0","236","236","236","0.3333333333333333","0.3333333333333333","0.3333333333333333","236","236","236","0","0","0","236","236","236","0","0","0","236","236","236","0","0","0","236","236","236","0","0","0","236","236","236","0","0","0"
"190400","238","238","238","0","0","0","238","238","238","0","0","0","238","238","238","0","0","0","238","238","238","0","0","0","238","238","238","0","0","0","238","238","238","0","0","0","238","238","238","0","0","0","238","238","238","0","0","0","238","238","238","0","0","0","238","238","238","0","0","0"
"192000","240","240","240","0","0","0","240","240","240","0","0","0","240","240","240","0","0","0","240","240","240","0","0","0","240","240","240","0","0","0","240","240","240","0","0","0","240","240","240","0.3333333333333333","0.3333333333333333","0.3333333333333333","240","240","240","0","0","0","240","240","240","0","0","0","240","240","240","0","0","0"
"193600","242","242","242","0","0","0","242","242","242","0","0","0","242","242","242","0","0","0","242","242","242","0","0","0","242","242","242","0","0","0","242","242","242","0","0","0","242","242","242","0","0","0","242","242","242","0.3333333333333333","0.3333333333333333","0.3333333333333333","242","242","242","0","0","0","242","242","242","0","0","0"
"195200","244","244","244","0","0","0","244","244","244","0","0","0","244","244","244","0","0","0","244","244","244","0","0","0","244","244","244","0","0","0","244","244","244","0","0","0","244","244","244","0","0","0","244","244","244","0","0","0","244","244","244","0","0","0","244","244","244","0","0","0"
"196800","246","246","246","0","0","0","246","246","246","0","0","0","246","246","246","0","0","0","246","246","246","0","0","0","246","246","246","0","0","0","246","246","246","0","0","0","246","246","246","0","0","0","246","246","246","0","0","0","246","246","246","0","0","0","246","246","246","0","0","0"
"198400","248","248","248","0","0","0","248","248","248","0","0","0","248","248","248","0","0","0","248","248","248","0","0","0","248","248","248","0","0","0","248","248","248","0","0","0","248","248","248","0","0","0","248","248","248","0","0","0","248","248","248","0","0","0","248","248","248","0","0","0"
"200000","250","250","250","0","0","0","250","250","250","0","0","0","250","250","250","0","0","0","250","250","250","0","0","0","250","250","250","0","0","0","250","250","250","0","0","0","250","250","250","0","0","0","250","250","250","0","0","0","250","250","250","0","0","0","250","250","250","0","0","0"
"201600","252","252","252","0","0","0","252","252","252","0","0","0","252","252","252","0","0","0","252","252","252","0","0","0","252","252","252","0","0","0","252","252","252","0","0","0","252","252","252","0","0","0","252","252","252","0","0","0","252","252","252","0","0","0","252","252","252","0","0","0"
"203200","254","254","254","0","0","0","254","254","254","0","0","0","254","254","254","0","0","0","254","254","254","0","0","0","254","254","254","0","0","0","254","254","254","0","0","0","254","254","254","0","0","0","254","254","254","0","0","0","254","254","254","0","0","0","254","254","254","0","0","0"
"204800","256","256","256","0","0","0","256","256","256","0","0","0","256","256","256","0","0","0","256","256","256","0","0","0","256","256","256","0","0","0","256","256","256","0.3333333333333333","0.3333333333333333","0.3333333333333333","256","256","256","0","0","0","256","256","256","0","0","0","256","256","256","0","0","0","256","256","256","0.6666666666666666","0.6666666666666666","0.6666666666666666"
"206400","258","258","258","0","0","0","258","258","258","0","0","0","258","258","258","0","0","0","258","258","258","0","0","0","258","258","258","0","0","0","258","258","258","0","0","0","258","258","258","0.6666666666666666","0.6666666666666666","0.6666666666666666","258","258","258","0.3333333333333333","0.3333333333333333","0.3333333333333333","258","258","258","0","0","0","258","258","258","0","0","0"
"208000","260","260","260","0","0","0","260","260","260","0","0","0","260","260","260","0","0","0","260","260","260","0","0","0","260","260","260","0","0","0","260","260","260","0","0","0","260","260","260","0","0","0","260","260","260","0","0","0","260","260","260","0.3333333333333333","0.3333333333333333","0.3333333333333333","260","260","260","0.6666666666666666","0.6666666666666666","0.6666666666666666"
"209600","262","262","262","0","0","0","262","262","262","0","0","0","262","262","262","0","0","0","262","262","262","0","0","0","262","262","262","0","0","0","262","262","262","0","0","0","262","262","262","0","0","0","262","262","262","0","0","0","262","262","262","0","0","0","262","262","262","0","0","0"
"211200","264","264","264","0","0","0","264","264","264","0","0","0","264","264","264","0","0","0","264","264","264","0","0","0","264","264","264","0","0","0","264","264","264","0","0","0","264","264","264","0","0","0","264","264","264","0","0","0","264","264","264","0","0","0","264","264","264","0","0","0"
"212800","266","266","266","0","0","0","266","266","266","0","0","0","266","266","266","0","0","0","266","266","266","0","0","0","266","266","266","0","0","0","266","266","266","0","0","0","266","266","266","0","0","0","266","266","266","0","0","0","266","266","266","0","0","0","266","266","266","0","0","0"
"214400","268","268","268","0","0","0","268","268","268","0","0","0","268","268","268","0","0","0","268","268","268","0","0","0","268","268","268","0","0","0","268","268","268","0.3333333333333333","0.3333333333333333","0.3333333333333333","268","268","268","0","0","0","268","268","268","0","0","0","268","268","268","0","0","0","268","268","268","0","0","0"
"216000","270","270","270","0","0","0","270","270","270","0","0","0","270","270","270","0","0","0","270","270","270","0","0","0","270","270","270","0","0","0","270","270","270","0","0","0","270","270","270","0","0","0","270","270","270","0","0","0","270","270","270","0","0","0","270","270","270","0","0","0"
"217600","272","272","272","0","0","0","272","272","272","0","0","0","272","272","272","0","0","0","272","272","272","0","0","0","272","272","272","0","0","0","272","272","272","0","0","0","272","272","272","0","0","0","272","272","272","0","0","0","272","272","272","0.3333333333333333","0.3333333333333333","0.3333333333333333","272","272","272","0","0","0"
"219200","274","274","274","0","0","0","274","274","274","0","0","0","274","274","274","0","0","0","274","274","274","0","0","0","274","274","274","0.3333333333333333","0.3333333333333333","0.3333333333333333","274","274","274","0","0","0","274","274","274","0","0","0","274","274","274","0","0","0","274","274","274","0","0","0","274","274","274","0","0","0"
"220800","276","276","276","0","0","0","276","276","276","0","0","0","276","276","276","0","0","0","276","276","276","0","0","0","276","276","276","0","0","0","276","276","276","0","0","0","276","276","276","0.3333333333333333","0.3333333333333333","0.3333333333333333","276","276","276","0","0","0","276","276","276","0","0","0","276","276","276","0","0","0"
"222400","278","278","278","0","0","0","278","278","278","0","0","0","278","278","278","0","0","0","278","278","278","0","0","0","278","278","278","0","0","0","278","278","278","0","0","0","278","278","278","0","0","0","278","278","278","0","0","0","278","278","278","0","0","0","278","278","278","0","0","0"
"224000","280","280","280","0","0","0","280","280","280","0","0","0","280","280","280","0","0","0","280","280","280","0","0","0","280","280","280","0","0","0","280","280","280","0.3333333333333333","0.3333333333333333","0.3333333333333333","280","280","280","0","0","0","280","280","280","0","0","0","280","280","280","0","0","0","280","280","280","0","0","0"
"225600","282","282","282","0","0","0","282","282","282","0","0","0","282","282","282","0","0","0","282","282","282","0","0","0","282","282","282","0","0","0","282","282","282","0","0","0","282","282","282","0","0","0","282","282","282","0","0","0","282","282","282","0","0","0","282","282","282","0","0","0"
"227200","284","284","284","0","0","0","284","284","284","0","0","0","284","284","284","0","0","0","284","284","284","0","0","0","284","284","284","0","0","0","284","284","284","0","0","0","284","284","284","0","0","0","284","284","284","0","0","0","284","284","284","0","0","0","284","284","284","0","0","0"
"228800","286","286","286","0.3333333333333333","0.3333333333333333","0.3333333333333333","286","286","286","0","0","0","286","286","286","0","0","0","286","286","286","0","0","0","286","286","286","0","0","0","286","286","286","0","0","0","286","286","286","0","0","0","286","286","286","0","0","0","286","286","286","0","0","0","286","286","286","0","0","0"
"230400","288","288","288","0","0","0","288","288","288","0","0","0","288","288","288","0","0","0","288","288","288","0","0","0","288","288","288","0","0","0","288","288","288","0","0","0","288","288","288","0","0","0","288","288","288","0","0","0","288","288","288","0.3333333333333333","0.3333333333333333","0.3333333333333333","288","288","288","0","0","0"
"232000","290","290","290","0","0","0","290","290","290","0","0","0","290","290","290","0","0","0","290","290","290","0","0","0","290","290","290","0","0","0","290","290","290","0","0","0","290","290","290","0","0","0","290","290","290","0","0","0","290","290","290","0","0","0","290","290","290","0","0","0"
"233600","292","292","292","0","0","0","292","292","292","0","0","0","292","292","292","0.6666666666666666","0.6666666666666666","0.6666666666666666","292","292","292","0","0","0","292","292","292","0","0","0","292","292","292","0","0","0","292","292","292","0","0","0","292","292","292","0","0","0","292","292","292","0","0","0","292","292","292","0","0","0"
"235200","294","294","294","0","0","0","294","294","294","0","0","0","294","294","294","0","0","0","294","294","294","0","0","0","294","294","294","0","0","0","294","294","294","0","0","0","294","294","294","0","0","0","294","294","294","0","0","0","294","294","294","0","0","0","294","294","294","0","0","0"
"236800","296","296","296","0","0","0","296","296","296","0","0","0","296","296","296","0","0","0","296","296","296","0","0","0","296","296","296","0","0","0","296","296","296","0","0","0","296","296","296","0","0","0","296","296","296","0","0","0","296","296","296","0","0","0","296","296","296","0","0","0"
"238400","298","298","298","0","0","0","298","298","298","0","0","0","298","298","298","0","0","0","298","298","298","0","0","0","298","298","298","0","0","0","298","298","298","0","0","0","298","298","298","0","0","0","298","298","298","0","0","0","298","298","298","0","0","0","298","298","298","0","0","0"
"240000","300","300","300","0","0","0","300","300","300","0","0","0","300","300","300","0","0","0","300","300","300","0","0","0","300","300","300","0","0","0","300","300","300","0","0","0","300","300","300","0","0","0","300","300","300","0","0","0","300","300","300","0","0","0","300","300","300","0","0","0"
"241600","302","302","302","0","0","0","302","302","302","0","0","0","302","302","302","0","0","0","302","302","302","0","0","0","302","302","302","0","0","0","302","302","302","0","0","0","302","302","302","0","0","0","302","302","302","0","0","0","302","302","302","0","0","0","302","302","302","0","0","0"
"243200","304","304","304","0","0","0","304","304","304","0","0","0","304","304","304","0","0","0","304","304","304","0","0","0","304","304","304","0","0","0","304","304","304","0","0","0","304","304","304","0","0","0","304","304","304","0","0","0","304","304","304","0","0","0","304","304","304","0","0","0"
"244800","306","306","306","0","0","0","306","306","306","0","0","0","306","306","306","0","0","0","306","306","306","0","0","0","306","306","306","0","0","0","306","306","306","0","0","0","306","306","306","0","0","0","306","306","306","0","0","0","306","306","306","0","0","0","306","306","306","0","0","0"
"246400","308","308","308","0","0","0","308","308","308","0","0","0","308","308","308","0","0","0","308","308","308","0","0","0","308","308","308","0","0","0","308","308","308","0","0","0","308","308","308","0","0","0","308","308","308","0","0","0","308","308","308","0","0","0","308","308","308","0","0","0"
"248000","310","310","310","0","0","0","310","310","310","0","0","0","310","310","310","0","0","0","310","310","310","0","0","0","310","310","310","0","0","0","310","310","310","0","0","0","310","310","310","0","0","0","310","310","310","0","0","0","310","310","310","0","0","0","310","310","310","0","0","0"
"249600","312","312","312","0","0","0","312","312","312","0","0","0","312","312","312","0","0","0","312","312","312","0","0","0","312","312","312","0","0","0","312","312","312","0","0","0","312","312","312","0","0","0","312","312","312","0","0","0","312","312","312","0","0","0","312","312","312","0","0","0"
"251200","314","314","314","0","0","0","314","314","314","0","0","0","314","314","314","0","0","0","314","314","314","0","0","0","314","314","314","0","0","0","314","314","314","0","0","0","314","314","314","0.3333333333333333","0.3333333333333333","0.3333333333333333","314","314","314","0","0","0","314","314","314","0","0","0","314","314","314","0","0","0"
"252800","316","316","316","0","0","0","316","316","316","0","0","0","316","316","316","0","0","0","316","316","316","0","0","0","316","316","316","0","0","0","316","316","316","0","0","0","316","316","316","0.3333333333333333","0.3333333333333333","0.3333333333333333","316","316","316","0","0","0","316","316","316","0","0","0","316","316","316","0","0","0"
"254400","318","318","318","0","0","0","318","318","318","0","0","0","318","318","318","0","0","0","318","318","318","0","0","0","318","318","318","0","0","0","318","318","318","0","0","0","318","318","318","0","0","0","318","318","318","0","0","0","318","318","318","0","0","0","318","318","318","0","0","0"
"256000","320","320","320","0","0","0","320","320","320","0","0","0","320","320","320","0","0","0","320","320","320","0","0","0","320","320","320","0","0","0","320","320","320","0","0","0","320","320","320","0","0","0","320","320","320","0","0","0","320","320","320","0","0","0","320","320","320","0","0","0"
"257600","322","322","322","0.3333333333333333","0.3333333333333333","0.3333333333333333","322","322","322","0","0","0","322","322","322","0","0","0","322","322","322","0","0","0","322","322","322","0","0","0","322","322","322","0","0","0","322","322","322","0","0","0","322","322","322","0","0","0","322","322","322","0","0","0","322","322","322","0","0","0"
"259200","324","324","324","0","0","0","324","324","324","0","0","0","324","324","324","0","0","0","324","324","324","0","0","0","324","324","324","0","0","0","324","324","324","0","0","0","324","324","324","0","0","0","324","324","324","0","0","0","324","324","324","0","0","0","324","324","324","0","0","0"
"260800","326","326","326","0","0","0","326","326","326","0","0","0","326","326","326","0","0","0","326","326","326","0","0","0","326","326","326","0","0","0","326","326","326","0","0","0","326","326","326","0","0","0","326","326","326","0","0","0","326","326","326","0","0","0","326","326","326","0","0","0"
"262400","328","328","328","0","0","0","328","328","328","0","0","0","328","328","328","0","0","0","328","328","328","0","0","0","328","328","328","0","0","0","328","328","328","0","0","0","328","328","328","0","0","0","328","328","328","0","0","0","328","328","328","0","0","0","328","328","328","0","0","0"
"264000","330","330","330","0","0","0","330","330","330","0","0","0","330","330","330","0","0","0","330","330","330","0","0","0","330","330","330","0","0","0","330","330","330","0","0","0","330","330","330","0","0","0","330","330","330","0","0","0","330","330","330","0","0","0","330","330","330","0","0","0"
"265600","332","332","332","0","0","0","332","332","332","0","0","0","332","332","332","0","0","0","332","332","332","0","0","0","332","332","332","0","0","0","332","332","332","0","0","0","332","332","332","0","0","0","332","332","332","0","0","0","332","332","332","0","0","0","332","332","332","0","0","0"
"267200","334","334","334","0","0","0","334","334","334","0","0","0","334","334","334","0","0","0","334","334","334","0","0","0","334","334","334","0","0","0","334","334","334","0","0","0","334","334","334","0","0","0","334","334","334","0","0","0","334","334","334","0","0","0","334","334","334","0","0","0"
"268800","336","336","336","0","0","0","336","336","336","0","0","0","336","336","336","0","0","0","336","336","336","0","0","0","336","336","336","0","0","0","336","336","336","0","0","0","336","336","336","0","0","0","336","336","336","0","0","0","336","336","336","0","0","0","336","336","336","0","0","0"
"270400","338","338","338","0","0","0","338","338","338","0","0","0","338","338","338","0","0","0","338","338","338","0","0","0","338","338","338","0","0","0","338","338","338","0","0","0","338","338","338","0","0","0","338","338","338","0","0","0","338","338","338","0","0","0","338","338","338","0","0","0"
"272000","340","340","340","0","0","0","340","340","340","0","0","0","340","340","340","0","0","0","340","340","340","0","0","0","340","340","340","0","0","0","340","340","340","0.3333333333333333","0.3333333333333333","0.3333333333333333","340","340","340","0","0","0","340","340","340","0","0","0","340","340","340","0","0","0","340","340","340","0","0","0"
"273600","342","342","342","0","0","0","342","342","342","0","0","0","342","342","342","0","0","0","342","342","342","0","0","0","342","342","342","0","0","0","342","342","342","0","0","0","342","342","342","0","0","0","342","342","342","0","0","0","342","342","342","0","0","0","342","342","342","0","0","0"
"275200","344","344","344","0","0","0","344","344","344","0","0","0","344","344","344","0","0","0","344","344","344","0","0","0","344","344","344","0","0","0","344","344","344","0","0","0","344","344","344","0","0","0","344","344","344","0","0","0","344","344","344","0","0","0","344","344","344","0","0","0"
"276800","346","346","346","0","0","0","346","346","346","0","0","0","346","346","346","0","0","0","346","346","346","0","0","0","346","346","346","0","0","0","346","346","346","0","0","0","346","346","346","0","0","0","346","346","346","0","0","0","346","346","346","0","0","0","346","346","346","0","0","0"
"278400","348","348","348","0","0","0","348","348","348","0","0","0","348","348","348","0","0","0","348","348","348","0","0","0","348","348","348","0","0","0","348","348","348","0","0","0","348","348","348","0","0","0","348","348","348","0","0","0","348","348","348","0","0","0","348","348","348","0","0","0"
"280000","350","350","350","0","0","0","350","350","350","0","0","0","350","350","350","0","0","0","350","350","350","0","0","0","350","350","350","0","0","0","350","350","350","0","0","0","350","350","350","0","0","0","350","350","350","0","0","0","350","350","350","0","0","0","350","350","350","0","0","0"
"281600","352","352","352","0","0","0","352","352","352","0","0","0","352","352","352","0","0","0","352","352","352","0","0","0","352","352","352","0","0","0","352","352","352","0","0","0","352","352","352","0","0","0","352","352","352","0","0","0","352","352","352","0","0","0","352","352","352","0","0","0"
"283200","354","354","354","0","0","0","354","354","354","0","0","0","354","354","354","0","0","0","354","354","354","0","0","0","354","354","354","0","0","0","354","354","354","0","0","0","354","354","354","0.3333333333333333","0.3333333333333333","0.3333333333333333","354","354","354","0","0","0","354","354","354","0","0","0","354","354","354","0","0","0"
"284800","356","356","356","0","0","0","356","356","356","0","0","0","356","356","356","0","0","0","356","356","356","0","0","0","356","356","356","0","0","0","356","356","356","0","0","0","356","356","356","0","0","0","356","356","356","0","0","0","356","356","356","0","0","0","356","356","356","0","0","0"
"286400","358","358","358","0","0","0","358","358","358","0","0","0","358","358","358","0","0","0","358","358","358","0","0","0","358","358","358","0","0","0","358","358","358","0","0","0","358","358","358","0","0","0","358","358","358","0","0","0","358","358","358","0","0","0","358","358","358","0","0","0"
"288000","360","360","360","0","0","0","360","360","360","0","0","0","360","360","360","0","0","0","360","360","360","0","0","0","360","360","360","0","0","0","360","360","360","0","0","0","360","360","360","0","0","0","360","360","360","0","0","0","360","360","360","0","0","0","360","360","360","0","0","0"
"289600","362","362","362","0","0","0","362","362","362","0","0","0","362","362","362","0","0","0","362","362","362","0","0","0","362","362","362","0","0","0","362","362","362","0","0","0","362","362","362","0","0","0","362","362","362","0","0","0","362","362","362","0","0","0","362","362","362","0","0","0"
"291200","364","364","364","0","0","0","364","364","364","0","0","0","364","364","364","0","0","0","364","364","364","0","0","0","364","364","364","0","0","0","364","364","364","0","0","0","364","364","364","0","0","0","364","364","364","0","0","0","364","364","364","0","0","0","364","364","364","0","0","0"
"292800","366","366","366","0","0","0","366","366","366","0","0","0","366","366","366","0.6666666666666666","0.6666666666666666","0.6666666666666666","366","366","366","0","0","0","366","366","366","0","0","0","366","366","366","0","0","0","366","366","366","0","0","0","366","366","366","0","0","0","366","366","366","0","0","0","366","366","366","0","0","0"
"294400","368","368","368","0","0","0","368","368","368","0","0","0","368","368","368","0","0","0","368","368","368","0","0","0","368","368","368","0","0","0","368","368","368","0","0","0","368","368","368","0","0","0","368","368","368","0","0","0","368","368","368","0","0","0","368","368","368","0","0","0"
"296000","370","370","370","0","0","0","370","370","370","0","0","0","370","370","370","0","0","0","370","370","370","0","0","0","370","370","370","0","0","0","370","370","370","0","0","0","370","370","370","0","0","0","370","370","370","0","0","0","370","370","370","0","0","0","370","370","370","0","0","0"
"297600","372","372","372","0","0","0","372","372","372","0","0","0","372","372","372","0","0","0","372","372","372","0","0","0","372","372","372","0","0","0","372","372","372","0","0","0","372","372","372","0","0","0","372","372","372","0","0","0","372","372","372","0","0","0","372","372","372","0","0","0"
"299200","374","374","374","0","0","0","374","374","374","0","0","0","374","374","374","0","0","0","374","374","374","0","0","0","374","374","374","0","0","0","374","374","374","0","0","0","374","374","374","0","0","0","374","374","374","0","0","0","374","374","374","0","0","0","374","374","374","0","0","0"
"300800","376","376","376","0","0","0","376","376","376","0","0","0","376","376","376","0","0","0","376","376","376","0","0","0","376","376","376","0","0","0","376","376","376","0","0","0","376","376","376","0","0","0","376","376","376","0","0","0","376","376","376","0","0","0","376","376","376","0.3333333333333333","0.3333333333333333","0.3333333333333333"
"302400","378","378","378","0","0","0","378","378","378","0","0","0","378","378","378","0","0","0","378","378","378","0","0","0","378","378","378","0","0","0","378","378","378","0","0","0","378","378","378","0","0","0","378","378","378","0","0","0","378","378","378","0","0","0","378","378","378","0","0","0"
"304000","380","380","380","0","0","0","380","380","380","0","0","0","380","380","380","0","0","0","380","380","380","0","0","0","380","380","380","0","0","0","380","380","380","0","0","0","380","380","380","0","0","0","380","380","380","0","0","0","380","380","380","0","0","0","380","380","380","0","0","0"
"305600","382","382","382","0","0","0","382","382","382","0","0","0","382","382","382","0","0","0","382","382","382","0","0","0","382","382","382","0","0","0","382","382","382","0","0","0","382","382","382","0","0","0","382","382","382","0","0","0","382","382","382","0","0","0","382","382","382","0","0","0"
"307200","384","384","384","0","0","0","384","384","384","0","0","0","384","384","384","0","0","0","384","384","384","0","0","0","384","384","384","0","0","0","384","384","384","0","0","0","384","384","384","0","0","0","384","384","384","0","0","0","384","384","384","0","0","0","384","384","384","0","0","0"
"308800","386","386","386","0","0","0","386","386","386","0","0","0","386","386","386","0","0","0","386","386","386","0","0","0","386","386","386","0","0","0","386","386","386","0","0","0","386","386","386","0","0","0","386","386","386","0","0","0","386","386","386","0","0","0","386","386","386","0","0","0"
"310400","388","388","388","0","0","0","388","388","388","0","0","0","388","388","388","0","0","0","388","388","388","0","0","0","388","388","388","0","0","0","388","388","388","0","0","0","388","388","388","0","0","0","388","388","388","0","0","0","388","388","388","0","0","0","388","388","388","0","0","0"
"312000","390","390","390","0","0","0","390","390","390","0","0","0","390","390","390","0","0","0","390","390","390","0","0","0","390","390","390","0","0","0","390","390","390","0","0","0","390","390","390","0","0","0","390","390","390","0","0","0","390","390","390","0","0","0","390","390","390","0","0","0"
"313600","392","392","392","0","0","0","392","392","392","0","0","0","392","392","392","0","0","0","392","392","392","0","0","0","392","392","392","0","0","0","392","392","392","0","0","0","392","392","392","0","0","0","392","392","392","0","0","0","392","392","392","0","0","0","392","392","392","0","0","0"
"315200","394","394","394","0","0","0","394","394","394","0","0","0","394","394","394","0","0","0","394","394","394","0","0","0","394","394","394","0","0","0","394","394","394","0","0","0","394","394","394","0","0","0","394","394","394","0","0","0","394","394","394","0","0","0","394","394","394","0","0","0"
"316800","396","396","396","0","0","0","396","396","396","0","0","0","396","396","396","0","0","0","396","396","396","0","0","0","396","396","396","0","0","0","396","396","396","0","0","0","396","396","396","0","0","0","396","396","396","0","0","0","396","396","396","0","0","0","396","396","396","0","0","0"
"318400","398","398","398","0","0","0","398","398","398","0","0","0","398","398","398","0","0","0","398","398","398","0","0","0","398","398","398","0","0","0","398","398","398","0","0","0","398","398","398","0","0","0","398","398","398","0","0","0","398","398","398","0","0","0","398","398","398","0","0","0"
"320000","400","400","400","0","0","0","400","400","400","0","0","0","400","400","400","0","0","0","400","400","400","0","0","0","400","400","400","0","0","0","400","400","400","0","0","0","400","400","400","0","0","0","400","400","400","0","0","0","400","400","400","0","0","0","400","400","400","0","0","0"
"321600","402","402","402","0","0","0","402","402","402","0","0","0","402","402","402","0","0","0","402","402","402","0","0","0","402","402","402","0","0","0","402","402","402","0","0","0","402","402","402","0","0","0","402","402","402","0","0","0","402","402","402","0","0","0","402","402","402","0","0","0"
"323200","404","404","404","0","0","0","404","404","404","0","0","0","404","404","404","0","0","0","404","404","404","0","0","0","404","404","404","0","0","0","404","404","404","0","0","0","404","404","404","0","0","0","404","404","404","0","0","0","404","404","404","0","0","0","404","404","404","0","0","0"
"324800","406","406","406","0","0","0","406","406","406","0","0","0","406","406","406","0","0","0","406","406","406","0","0","0","406","406","406","0","0","0","406","406","406","0","0","0","406","406","406","0","0","0","406","406","406","0","0","0","406","406","406","0","0","0","406","406","406","0","0","0"
"326400","408","408","408","0","0","0","408","408","408","0","0","0","408","408","408","0","0","0","408","408","408","0","0","0","408","408","408","0","0","0","408","408","408","0","0","0","408","408","408","0","0","0","408","408","408","0","0","0","408","408","408","0","0","0","408","408","408","0","0","0"
"328000","410","410","410","0","0","0","410","410","410","0","0","0","410","410","410","0","0","0","410","410","410","0","0","0","410","410","410","0","0","0","410","410","410","0","0","0","410","410","410","0","0","0","410","410","410","0","0","0","410","410","410","0","0","0","410","410","410","0","0","0"
"329600","412","412","412","0","0","0","412","412","412","0","0","0","412","412","412","0","0","0","412","412","412","0","0","0","412","412","412","0","0","0","412","412","412","0","0","0","412","412","412","0","0","0","412","412","412","0","0","0","412","412","412","0","0","0","412","412","412","0","0","0"
"331200","414","414","414","0","0","0","414","414","414","0","0","0","414","414","414","0","0","0","414","414","414","0","0","0","414","414","414","0","0","0","414","414","414","0","0","0","414","414","414","0","0","0","414","414","414","0","0","0","414","414","414","0","0","0","414","414","414","0","0","0"
"332800","416","416","416","0","0","0","416","416","416","0","0","0","416","416","416","0","0","0","416","416","416","0","0","0","416","416","416","0","0","0","416","416","416","0","0","0","416","416","416","0","0","0","416","416","416","0","0","0","416","416","416","0","0","0","416","416","416","0","0","0"
"334400","418","418","418","0","0","0","418","418","418","0","0","0","418","418","418","0","0","0","418","418","418","0","0","0","418","418","418","0","0","0","418","418","418","0","0","0","418","418","418","0","0","0","418","418","418","0","0","0","418","418","418","0","0","0","418","418","418","0","0","0"
"336000","420","420","420","0","0","0","420","420","420","0","0","0","420","420","420","0","0","0","420","420","420","0","0","0","420","420","420","0","0","0","420","420","420","0","0","0","420","420","420","0","0","0","420","420","420","0","0","0","420","420","420","0","0","0","420","420","420","0","0","0"
"337600","422","422","422","0","0","0","422","422","422","0","0","0","422","422","422","0","0","0","422","422","422","0","0","0","422","422","422","0","0","0","422","422","422","0","0","0","422","422","422","0","0","0","422","422","422","0","0","0","422","422","422","0","0","0","422","422","422","0","0","0"
"339200","424","424","424","0","0","0","424","424","424","0","0","0","424","424","424","0","0","0","424","424","424","0","0","0","424","424","424","0","0","0","424","424","424","0","0","0","424","424","424","0","0","0","424","424","424","0","0","0","424","424","424","0","0","0","424","424","424","0","0","0"
"340800","426","426","426","0","0","0","426","426","426","0","0","0","426","426","426","0","0","0","426","426","426","0","0","0","426","426","426","0","0","0","426","426","426","0","0","0","426","426","426","0","0","0","426","426","426","0","0","0","426","426","426","0","0","0","426","426","426","0","0","0"
"342400","428","428","428","0","0","0","428","428","428","0","0","0","428","428","428","0","0","0","428","428","428","0","0","0","428","428","428","0","0","0","428","428","428","0","0","0","428","428","428","0","0","0","428","428","428","0","0","0","428","428","428","0","0","0","428","428","428","0","0","0"
"344000","430","430","430","0","0","0","430","430","430","0","0","0","430","430","430","0","0","0","430","430","430","0","0","0","430","430","430","0","0","0","430","430","430","0","0","0","430","430","430","0","0","0","430","430","430","0","0","0","430","430","430","0","0","0","430","430","430","0","0","0"
"345600","432","432","432","0","0","0","432","432","432","0","0","0","432","432","432","0","0","0","432","432","432","0","0","0","432","432","432","0","0","0","432","432","432","0","0","0","432","432","432","0","0","0","432","432","432","0","0","0","432","432","432","0.3333333333333333","0.3333333333333333","0.3333333333333333","432","432","432","0","0","0"
"347200","434","434","434","0","0","0","434","434","434","0","0","0","434","434","434","0","0","0","434","434","434","0","0","0","434","434","434","0","0","0","434","434","434","0","0","0","434","434","434","0","0","0","434","434","434","0","0","0","434","434","434","0","0","0","434","434","434","0","0","0"
"348800","436","436","436","0","0","0","436","436","436","0","0","0","436","436","436","0","0","0","436","436","436","0.3333333333333333","0.3333333333333333","0.3333333333333333","436","436","436","0","0","0","436","436","436","0","0","0","436","436","436","0","0","0","436","436","436","0","0","0","436","436","436","0","0","0","436","436","436","0","0","0"
"350400","438","438","438","0","0","0","438","438","438","0","0","0","438","438","438","0","0","0","438","438","438","0.3333333333333333","0.3333333333333333","0.3333333333333333","438","438","438","0","0","0","438","438","438","0","0","0","438","438","438","0","0","0","438","438","438","0","0","0","438","438","438","0","0","0","438","438","438","0","0","0"
"352000","440","440","440","0","0","0","440","440","440","0","0","0","440","440","440","0","0","0","440","440","440","0","0","0","440","440","440","0","0","0","440","440","440","0","0","0","440","440","440","0","0","0","440","440","440","0","0","0","440","440","440","0","0","0","440","440","440","0","0","0"
"353600","442","442","442","0","0","0","442","442","442","0","0","0","442","442","442","0","0","0","442","442","442","0","0","0","442","442","442","0","0","0","442","442","442","0","0","0","442","442","442","0","0","0","442","442","442","0","0","0","442","442","442","0","0","0","442","442","442","0","0","0"
"355200","444","444","444","0","0","0","444","444","444","0","0","0","444","444","444","0","0","0","444","444","444","0","0","0","444","444","444","0","0","0","444","444","444","0","0","0","444","444","444","0","0","0","444","444","444","0","0","0","444","444","444","0","0","0","444","444","444","0","0","0"
"356800","446","446","446","0","0","0","446","446","446","0","0","0","446","446","446","0","0","0","446","446","446","0","0","0","446","446","446","0","0","0","446","446","446","0","0","0","446","446","446","0","0","0","446","446","446","0","0","0","446","446","446","0","0","0","446","446","446","0","0","0"
"358400","448","448","448","0","0","0","448","448","448","0","0","0","448","448","448","0","0","0","448","448","448","0","0","0","448","448","448","0","0","0","448","448","448","0","0","0","448","448","448","0","0","0","448","448","448","0","0","0","448","448","448","0","0","0","448","448","448","0","0","0"
"360000","450","450","450","0","0","0","450","450","450","0","0","0","450","450","450","0","0","0","450","450","450","0","0","0","450","450","450","0","0","0","450","450","450","0","0","0","450","450","450","0","0","0","450","450","450","0","0","0","450","450","450","0","0","0","450","450","450","0","0","0"
"361600","452","452","452","0","0","0","452","452","452","0","0","0","452","452","452","0","0","0","452","452","452","0","0","0","452","452","452","0","0","0","452","452","452","0","0","0","452","452","452","0","0","0","452","452","452","0","0","0","452","452","452","0","0","0","452","452","452","0","0","0"
"363200","454","454","454","0","0","0","454","454","454","0","0","0","454","454","454","0","0","0","454","454","454","0","0","0","454","454","454","0","0","0","454","454","454","0","0","0","454","454","454","0","0","0","454","454","454","0","0","0","454","454","454","0","0","0","454","454","454","0","0","0"
"364800","456","456","456","0","0","0","456","456","456","0","0","0","456","456","456","0","0","0","456","456","456","0","0","0","456","456","456","0","0","0","456","456","456","0","0","0","456","456","456","0","0","0","456","456","456","0","0","0","456","456","456","0","0","0","456","456","456","0","0","0"
"366400","458","458","458","0","0","0","458","458","458","0","0","0","458","458","458","0","0","0","458","458","458","0","0","0","458","458","458","0","0","0","458","458","458","0","0","0","458","458","458","0","0","0","458","458","458","0","0","0","458","458","458","0","0","0","458","458","458","0","0","0"
"368000","460","460","460","0","0","0","460","460","460","0","0","0","460","460","460","0","0","0","460","460","460","0","0","0","460","460","460","0","0","0","460","460","460","0","0","0","460","460","460","0","0","0","460","460","460","0","0","0","460","460","460","0","0","0","460","460","460","0","0","0"
"369600","462","462","462","0","0","0","462","462","462","0","0","0","462","462","462","0","0","0","462","462","462","0","0","0","462","462","462","0","0","0","462","462","462","0","0","0","462","462","462","0","0","0","462","462","462","0","0","0","462","462","462","0","0","0","462","462","462","0","0","0"
"371200","464","464","464","0","0","0","464","464","464","0","0","0","464","464","464","0","0","0","464","464","464","0","0","0","464","464","464","0","0","0","464","464","464","0","0","0","464","464","464","0","0","0","464","464","464","0","0","0","464","464","464","0","0","0","464","464","464","0","0","0"
"372800","466","466","466","0","0","0","466","466","466","0","0","0","466","466","466","0","0","0","466","466","466","0","0","0","466","466","466","0","0","0","466","466","466","0","0","0","466","466","466","0","0","0","466","466","466","0","0","0","466","466","466","0","0","0","466","466","466","0","0","0"
"374400","468","468","468","0","0","0","468","468","468","0","0","0","468","468","468","0","0","0","468","468","468","0","0","0","468","468","468","0","0","0","468","468","468","0","0","0","468","468","468","0","0","0","468","468","468","0","0","0","468","468","468","0","0","0","468","468","468","0","0","0"
"376000","470","470","470","0","0","0","470","470","470","0","0","0","470","470","470","0","0","0","470","470","470","0","0","0","470","470","470","0","0","0","470","470","470","0","0","0","470","470","470","0","0","0","470","470","470","0","0","0","470","470","470","0","0","0","470","470","470","0","0","0"
"377600","472","472","472","0","0","0","472","472","472","0","0","0","472","472","472","0","0","0","472","472","472","0","0","0","472","472","472","0","0","0","472","472","472","0","0","0","472","472","472","0","0","0","472","472","472","0","0","0","472","472","472","0","0","0","472","472","472","0","0","0"
"379200","474","474","474","0","0","0","474","474","474","0","0","0","474","474","474","0","0","0","474","474","474","0","0","0","474","474","474","0","0","0","474","474","474","0","0","0","474","474","474","0","0","0","474","474","474","0","0","0","474","474","474","0","0","0","474","474","474","0","0","0"
"380800","476","476","476","0","0","0","476","476","476","0","0","0","476","476","476","0","0","0","476","476","476","0","0","0","476","476","476","0","0","0","476","476","476","0","0","0","476","476","476","0","0","0","476","476","476","0","0","0","476","476","476","0","0","0","476","476","476","0","0","0"
"382400","478","478","478","0","0","0","478","478","478","0","0","0","478","478","478","0","0","0","478","478","478","0","0","0","478","478","478","0","0","0","478","478","478","0","0","0","478","478","478","0","0","0","478","478","478","0","0","0","478","478","478","0","0","0","478","478","478","0","0","0"
"384000","480","480","480","0","0","0","480","480","480","0","0","0","480","480","480","0","0","0","480","480","480","0","0","0","480","480","480","0","0","0","480","480","480","0","0","0","480","480","480","0","0","0","480","480","480","0","0","0","480","480","480","0","0","0","480","480","480","0","0","0"
"385600","482","482","482","0","0","0","482","482","482","0","0","0","482","482","482","0","0","0","482","482","482","0","0","0","482","482","482","0","0","0","482","482","482","0","0","0","482","482","482","0","0","0","482","482","482","0","0","0","482","482","482","0","0","0","482","482","482","0","0","0"
"387200","484","484","484","0","0","0","484","484","484","0","0","0","484","484","484","0","0","0","484","484","484","0","0","0","484","484","484","0","0","0","484","484","484","0","0","0","484","484","484","0","0","0","484","484","484","0","0","0","484","484","484","0","0","0","484","484","484","0","0","0"
"388800","486","486","486","0","0","0","486","486","486","0","0","0","486","486","486","0","0","0","486","486","486","0","0","0","486","486","486","0","0","0","486","486","486","0","0","0","486","486","486","0","0","0","486","486","486","0","0","0","486","486","486","0","0","0","486","486","486","0","0","0"
"390400","488","488","488","0","0","0","488","488","488","0","0","0","488","488","488","0","0","0","488","488","488","0","0","0","488","488","488","0","0","0","488","488","488","0","0","0","488","488","488","0","0","0","488","488","488","0","0","0","488","488","488","0","0","0","488","488","488","0.3333333333333333","0.3333333333333333","0.3333333333333333"
"392000","490","490","490","0","0","0","490","490","490","0","0","0","490","490","490","0","0","0","490","490","490","0","0","0","490","490","490","0","0","0","490","490","490","0","0","0","490","490","490","0","0","0","490","490","490","0","0","0","490","490","490","0","0","0","490","490","490","0","0","0"
"393600","492","492","492","0","0","0","492","492","492","0","0","0","492","492","492","0","0","0","492","492","492","0","0","0","492","492","492","0","0","0","492","492","492","0","0","0","492","492","492","0","0","0","492","492","492","0","0","0","492","492","492","0","0","0","492","492","492","0","0","0"
"395200","494","494","494","0","0","0","494","494","494","0","0","0","494","494","494","0","0","0","494","494","494","0","0","0","494","494","494","0","0","0","494","494","494","0","0","0","494","494","494","0","0","0","494","494","494","0","0","0","494","494","494","0","0","0","494","494","494","0","0","0"
"396800","496","496","496","0","0","0","496","496","496","0","0","0","496","496","496","0","0","0","496","496","496","0","0","0","496","496","496","0","0","0","496","496","496","0","0","0","496","496","496","0","0","0","496","496","496","0","0","0","496","496","496","0","0","0","496","496","496","0","0","0"
"398400","498","498","498","0","0","0","498","498","498","0","0","0","498","498","498","0","0","0","498","498","498","0","0","0","498","498","498","0","0","0","498","498","498","0","0","0","498","498","498","0","0","0","498","498","498","0","0","0","498","498","498","0","0","0","498","498","498","0","0","0"